city,household_size,housing_type,appliances_score,avg_dailykWh,renewablekWh,monthly_cost_inr
Hyderabad,3,Independent,0.54,12.29,0.86,4056
Hyderabad,6,Apartment,0.86,10.25,2.56,3382
Hyderabad,5,Apartment,0.7,12.67,1.9,4181
Hyderabad,4,Independent,0.83,8.88,1.51,2930
Hyderabad,3,Independent,0.63,11.11,0.67,3666
Hyderabad,3,Apartment,0.86,7.55,1.51,2492
Hyderabad,2,Apartment,0.66,12.89,1.16,4254
Hyderabad,5,Independent,0.5,16.05,3.69,5296
Hyderabad,4,Apartment,0.86,8.8,0.79,2904
Hyderabad,5,Apartment,0.54,15.67,1.41,5171
Hyderabad,2,Apartment,0.63,10.64,0.64,3511
Hyderabad,6,Independent,0.88,10.46,1.46,3452
Hyderabad,5,Independent,0.88,10.49,1.68,3462
Hyderabad,3,Apartment,0.73,11.35,0.68,3746
Hyderabad,3,Independent,0.75,9.6,2.02,3168
Hyderabad,3,Apartment,0.68,10.44,1.46,3445
Hyderabad,3,Apartment,0.62,11.6,1.74,3828
Hyderabad,4,Independent,0.63,9.87,1.38,3257
Hyderabad,4,Independent,0.77,9.14,1.19,3016
Hyderabad,3,Independent,0.8,10.96,1.75,3617
Hyderabad,4,Independent,0.82,11.74,0.94,3874
Hyderabad,2,Apartment,0.82,8.18,0.74,2699
Hyderabad,3,Apartment,0.54,13.89,3.06,4584
Hyderabad,3,Apartment,0.7,11.25,2.7,3712
Hyderabad,4,Apartment,0.52,19.03,2.28,6280
Hyderabad,5,Apartment,0.72,13.79,1.38,4551
Hyderabad,3,Villa,0.68,10.99,1.98,3627
Hyderabad,4,Apartment,0.86,8.55,1.11,2822
Hyderabad,4,Independent,0.64,10.66,0.64,3518
Hyderabad,2,Independent,0.55,12.07,0.97,3983
Hyderabad,4,Independent,0.56,12.85,2.44,4240
Hyderabad,3,Apartment,0.8,8.03,1.45,2650
Hyderabad,2,Apartment,0.75,8.57,0.51,2828
Hyderabad,6,Apartment,0.54,14.95,1.35,4934
Hyderabad,6,Apartment,0.53,19.14,1.91,6316
Hyderabad,5,Independent,0.78,12.47,2.24,4115
Hyderabad,3,Apartment,0.53,13.18,0.66,4349
Hyderabad,2,Apartment,0.83,9.8,0.69,3234
Hyderabad,4,Independent,0.78,10.74,2.26,3544
Hyderabad,4,Apartment,0.53,13.1,1.18,4323
Hyderabad,2,Villa,0.53,14.24,2.56,4699
Hyderabad,4,Villa,0.89,9.52,0.95,3142
Hyderabad,2,Villa,0.65,9.22,0.65,3043
Hyderabad,6,Apartment,0.65,14.38,1.44,4745
Hyderabad,3,Apartment,0.83,8.23,1.56,2716
Hyderabad,4,Villa,0.88,7.89,1.74,2604
Hyderabad,3,Apartment,0.89,9.14,2.01,3016
Hyderabad,4,Villa,0.8,12.36,1.61,4079
Hyderabad,4,Villa,0.65,10.8,1.94,3564
Hyderabad,3,Independent,0.53,14.01,1.26,4623
Hyderabad,6,Apartment,0.81,11.19,1.23,3693
Hyderabad,5,Apartment,0.72,11.91,2.74,3930
Hyderabad,6,Independent,0.67,13.54,0.68,4468
Hyderabad,5,Apartment,0.86,9.41,0.66,3105
Hyderabad,4,Apartment,0.54,14.28,1.29,4712
Hyderabad,6,Apartment,0.7,12.76,0.77,4211
Hyderabad,2,Villa,0.5,12.81,1.15,4227
Hyderabad,3,Independent,0.69,10.95,1.86,3614
Hyderabad,2,Apartment,0.52,11.8,1.53,3894
Hyderabad,3,Apartment,0.55,11.63,2.67,3838
Hyderabad,3,Independent,0.55,12.1,2.54,3993
Hyderabad,3,Villa,0.76,10.9,1.31,3597
Hyderabad,5,Apartment,0.8,11.73,1.17,3871
Hyderabad,3,Apartment,0.73,9.34,1.21,3082
Hyderabad,3,Independent,0.88,8.52,1.45,2812
Hyderabad,4,Independent,0.65,13.54,1.35,4468
Hyderabad,2,Independent,0.61,8.81,1.5,2907
Hyderabad,5,Independent,0.85,10.93,1.42,3607
Hyderabad,2,Apartment,0.59,10.38,1.66,3425
Hyderabad,6,Apartment,0.89,11.01,1.54,3633
Hyderabad,5,Independent,0.5,14.86,1.63,4904
Hyderabad,3,Independent,0.89,6.64,1.59,2191
Hyderabad,2,Independent,0.52,9.76,1.95,3221
Hyderabad,5,Villa,0.86,10.29,0.82,3396
Hyderabad,5,Apartment,0.71,12.95,2.85,4274
Hyderabad,5,Apartment,0.9,8.79,1.32,2901
Hyderabad,5,Independent,0.53,16.45,3.78,5428
Hyderabad,2,Independent,0.72,7.73,1.62,2551
Hyderabad,3,Independent,0.89,8.24,1.15,2719
Hyderabad,2,Independent,0.71,8.36,0.42,2759
Hyderabad,5,Independent,0.75,11.27,1.13,3719
Hyderabad,4,Apartment,0.78,10.71,1.71,3534
Hyderabad,3,Apartment,0.68,10.09,1.82,3330
Hyderabad,2,Apartment,0.75,8.87,0.89,2927
Hyderabad,3,Apartment,0.73,11.63,0.93,3838
Hyderabad,3,Apartment,0.86,8.15,1.79,2690
Hyderabad,5,Apartment,0.52,16.91,4.23,5580
Hyderabad,4,Apartment,0.61,11.66,1.87,3848
Hyderabad,5,Apartment,0.88,10.41,0.83,3435
Hyderabad,4,Apartment,0.86,10.86,1.09,3584
Hyderabad,2,Apartment,0.68,7.13,0.36,2353
Hyderabad,5,Apartment,0.75,11.1,2.55,3663
Hyderabad,5,Independent,0.61,15.01,1.05,4953
Hyderabad,4,Apartment,0.58,13.34,2.27,4402
Hyderabad,5,Apartment,0.69,13.41,1.34,4425
Hyderabad,4,Apartment,0.64,11.95,1.91,3944
Hyderabad,4,Independent,0.73,11.5,2.07,3795
Hyderabad,4,Apartment,0.53,14.13,3.11,4663
Hyderabad,2,Independent,0.89,8.63,0.78,2848
Hyderabad,2,Apartment,0.89,7.8,0.39,2574
Hyderabad,2,Apartment,0.78,9.29,0.74,3066
Hyderabad,4,Apartment,0.71,11.2,2.58,3696
Hyderabad,3,Apartment,0.62,11.32,2.49,3736
Hyderabad,4,Independent,0.83,9.48,1.61,3128
Hyderabad,6,Independent,0.77,12.99,2.21,4287
Hyderabad,3,Villa,0.57,12.06,2.17,3980
Hyderabad,4,Apartment,0.86,9.75,0.88,3218
Hyderabad,5,Apartment,0.83,12.81,2.95,4227
Hyderabad,3,Independent,0.88,9.24,1.2,3049
Hyderabad,2,Apartment,0.79,8.46,1.1,2792
Hyderabad,3,Apartment,0.75,11.55,1.73,3812
Hyderabad,3,Apartment,0.67,10.78,0.65,3557
Hyderabad,6,Apartment,0.87,8.91,0.71,2940
Hyderabad,5,Villa,0.85,9.42,1.88,3109
Hyderabad,4,Independent,0.52,11.75,0.82,3878
Hyderabad,5,Independent,0.51,15.32,2.6,5056
Hyderabad,5,Apartment,0.65,13.62,1.36,4495
Hyderabad,3,Apartment,0.82,10.96,1.42,3617
Hyderabad,5,Apartment,0.89,10.06,1.11,3320
Hyderabad,4,Apartment,0.56,13.6,1.63,4488
Hyderabad,5,Apartment,0.74,13.11,2.49,4326
Hyderabad,5,Independent,0.65,10.78,1.19,3557
Hyderabad,3,Independent,0.89,8.51,1.36,2808
Hyderabad,2,Apartment,0.84,8.95,1.34,2954
Hyderabad,3,Villa,0.84,7.51,1.35,2478
Hyderabad,4,Independent,0.69,13.38,3.21,4415
Hyderabad,5,Apartment,0.67,13.7,2.74,4521
Hyderabad,5,Independent,0.61,13.69,1.23,4518
Hyderabad,2,Apartment,0.52,13.08,0.78,4316
Hyderabad,4,Apartment,0.85,11.83,1.18,3904
Hyderabad,4,Apartment,0.83,10.1,1.72,3333
Hyderabad,3,Independent,0.9,8.38,0.5,2765
Hyderabad,2,Apartment,0.9,7.03,1.05,2320
Hyderabad,3,Apartment,0.72,9.61,1.63,3171
Hyderabad,6,Apartment,0.81,12.73,1.53,4201
Hyderabad,3,Apartment,0.88,7.64,1.53,2521
Hyderabad,4,Independent,0.84,9.84,0.69,3247
Hyderabad,5,Independent,0.6,13.76,0.96,4541
Hyderabad,3,Apartment,0.68,11.74,2.35,3874
Hyderabad,6,Apartment,0.55,16.82,2.52,5551
Hyderabad,6,Apartment,0.88,11.63,2.21,3838
Hyderabad,3,Apartment,0.74,9.75,1.37,3218
Hyderabad,4,Apartment,0.59,13.1,1.31,4323
Hyderabad,3,Apartment,0.77,8.86,1.86,2924
Hyderabad,3,Apartment,0.75,9.7,2.04,3201
Hyderabad,2,Independent,0.64,11.15,2.12,3680
Hyderabad,4,Independent,0.55,15.14,1.51,4996
Hyderabad,4,Apartment,0.77,9.79,1.66,3231
Hyderabad,2,Apartment,0.71,10.83,1.3,3574
Hyderabad,3,Independent,0.81,10.79,0.76,3561
Hyderabad,6,Apartment,0.71,14.08,3.24,4646
Hyderabad,3,Independent,0.84,10.83,0.87,3574
Hyderabad,2,Independent,0.72,8.77,2.1,2894
Hyderabad,4,Apartment,0.72,10.09,1.41,3330
Hyderabad,6,Apartment,0.85,9.45,0.85,3118
Hyderabad,3,Independent,0.66,13.31,2.13,4392
Hyderabad,4,Apartment,0.55,14.99,3.3,4947
Hyderabad,5,Apartment,0.51,15.76,3.15,5201
Hyderabad,3,Villa,0.8,9.81,2.06,3237
Hyderabad,5,Apartment,0.75,10.73,1.93,3541
Hyderabad,3,Apartment,0.78,12.43,2.36,4102
Hyderabad,4,Independent,0.59,13.64,3,4501
Hyderabad,4,Apartment,0.55,14.22,1.42,4693
Hyderabad,4,Apartment,0.51,15.73,2.36,5191
Hyderabad,2,Villa,0.64,11.28,1.02,3722
Hyderabad,5,Apartment,0.74,12.42,3.1,4099
Hyderabad,3,Villa,0.66,10.43,2.5,3442
Hyderabad,3,Villa,0.67,11.87,0.71,3917
Hyderabad,2,Apartment,0.86,9.74,1.85,3214
Hyderabad,4,Apartment,0.64,14.46,3.47,4772
Hyderabad,4,Apartment,0.71,13.58,1.22,4481
Hyderabad,2,Apartment,0.81,8.03,1.28,2650
Hyderabad,4,Apartment,0.66,11.19,2.57,3693
Hyderabad,3,Independent,0.75,10.06,0.6,3320
Hyderabad,4,Apartment,0.84,9.82,1.87,3241
Hyderabad,3,Apartment,0.88,9.45,1.04,3118
Hyderabad,4,Independent,0.56,11.53,2.65,3805
Hyderabad,3,Apartment,0.87,10.01,2.4,3303
Hyderabad,6,Independent,0.7,13.57,3.26,4478
Hyderabad,2,Apartment,0.6,10.58,1.48,3491
Hyderabad,3,Apartment,0.68,9.91,2.18,3270
Hyderabad,2,Independent,0.89,6.05,1.33,1996
Hyderabad,6,Independent,0.7,14.75,1.62,4868
Hyderabad,5,Independent,0.63,14.02,3.08,4627
Hyderabad,3,Independent,0.75,8.75,0.52,2888
Hyderabad,4,Independent,0.6,11.57,1.97,3818
Hyderabad,5,Apartment,0.53,15.03,1.5,4960
Hyderabad,4,Apartment,0.55,16.44,1.15,5425
Hyderabad,4,Independent,0.55,13.69,0.96,4518
Hyderabad,3,Independent,0.56,10.66,2.03,3518
Hyderabad,2,Villa,0.56,11.31,1.36,3732
Hyderabad,5,Apartment,0.76,11.54,2.19,3808
Hyderabad,6,Apartment,0.57,12.23,0.73,4036
Hyderabad,4,Independent,0.64,12.66,1.39,4178
Hyderabad,3,Apartment,0.86,8.48,1.36,2798
Hyderabad,3,Villa,0.69,11.86,2.49,3914
Hyderabad,5,Independent,0.77,13.7,1.51,4521
Hyderabad,5,Apartment,0.57,16.45,2.96,5428
Hyderabad,5,Independent,0.58,14.35,3.3,4736
Hyderabad,5,Independent,0.52,14.05,2.39,4636
Bengaluru,3,Apartment,0.78,9.44,1.04,2959
Bengaluru,2,Apartment,0.84,7.63,1.75,2392
Bengaluru,5,Villa,0.88,10.05,2.51,3151
Bengaluru,2,Independent,0.77,9.59,1.15,3006
Bengaluru,5,Independent,0.7,11.26,1.58,3530
Bengaluru,4,Apartment,0.75,9.12,1.73,2859
Bengaluru,6,Apartment,0.85,8.92,2.05,2796
Bengaluru,5,Apartment,0.73,12.26,2.08,3844
Bengaluru,6,Independent,0.51,14.62,1.9,4583
Bengaluru,3,Apartment,0.87,6.21,0.81,1947
Bengaluru,5,Apartment,0.78,11.34,2.15,3555
Bengaluru,4,Apartment,0.77,12.86,0.64,4032
Bengaluru,4,Apartment,0.59,12.79,2.17,4010
Bengaluru,4,Apartment,0.76,11.29,1.35,3539
Bengaluru,5,Apartment,0.66,12.87,2.7,4035
Bengaluru,6,Independent,0.76,11.99,0.84,3759
Bengaluru,5,Apartment,0.54,15.85,2.69,4969
Bengaluru,4,Apartment,0.76,10.1,1.52,3166
Bengaluru,4,Apartment,0.9,8.66,1.56,2715
Bengaluru,5,Apartment,0.52,15.35,0.92,4812
Bengaluru,3,Apartment,0.89,7.3,1.24,2289
Bengaluru,2,Apartment,0.66,11.08,1.77,3474
Bengaluru,3,Independent,0.85,8.24,1.32,2583
Bengaluru,3,Apartment,0.81,8.17,1.39,2561
Bengaluru,3,Independent,0.73,10.54,2,3304
Bengaluru,3,Independent,0.8,8.15,1.71,2555
Bengaluru,2,Independent,0.85,7.68,0.77,2408
Bengaluru,2,Apartment,0.66,9.88,2.17,3097
Bengaluru,6,Apartment,0.63,15.56,2.33,4878
Bengaluru,4,Apartment,0.77,10.76,0.75,3373
Bengaluru,3,Apartment,0.82,8.76,0.53,2746
Bengaluru,4,Villa,0.8,10.66,1.28,3342
Bengaluru,3,Apartment,0.82,10.13,2.13,3176
Bengaluru,6,Apartment,0.67,14.22,2.7,4458
Bengaluru,5,Independent,0.83,10.19,2.14,3195
Bengaluru,2,Independent,0.55,9.42,1.41,2953
Bengaluru,4,Apartment,0.72,9.78,1.37,3066
Bengaluru,5,Apartment,0.5,14.77,1.18,4630
Bengaluru,6,Apartment,0.63,13.46,1.62,4220
Bengaluru,4,Apartment,0.65,11.72,1.64,3674
Bengaluru,4,Apartment,0.66,11.88,0.83,3724
Bengaluru,3,Apartment,0.78,9.85,0.89,3088
Bengaluru,6,Apartment,0.66,13.64,2.32,4276
Bengaluru,3,Apartment,0.68,11.16,2.23,3499
Bengaluru,6,Apartment,0.6,14.79,3.7,4637
Bengaluru,4,Apartment,0.65,9.56,2.29,2997
Bengaluru,4,Apartment,0.59,11.58,2.08,3630
Bengaluru,4,Independent,0.53,13.44,1.75,4213
Bengaluru,3,Independent,0.74,8.51,1.53,2668
Bengaluru,3,Apartment,0.77,10.06,2.11,3154
Bengaluru,3,Apartment,0.75,11.33,0.79,3552
Bengaluru,3,Apartment,0.69,11.87,1.54,3721
Bengaluru,5,Independent,0.65,12.66,2.79,3969
Bengaluru,3,Independent,0.85,9.78,1.27,3066
Bengaluru,2,Apartment,0.71,9.47,1.52,2969
Bengaluru,6,Villa,0.69,12.85,2.18,4028
Bengaluru,5,Apartment,0.51,14.18,1.28,4445
Bengaluru,6,Apartment,0.64,13.68,1.64,4289
Bengaluru,6,Independent,0.65,13.42,1.61,4207
Bengaluru,3,Independent,0.66,11.06,0.66,3467
Bengaluru,3,Independent,0.73,10.12,0.51,3173
Bengaluru,5,Independent,0.71,12.01,2.64,3765
Bengaluru,4,Apartment,0.74,11.16,1.12,3499
Bengaluru,3,Independent,0.81,10.09,1.51,3163
Bengaluru,5,Apartment,0.83,11.09,1.22,3477
Bengaluru,3,Independent,0.79,7.67,1.84,2405
Bengaluru,3,Apartment,0.88,5.75,0.58,1803
Bengaluru,4,Independent,0.51,15.24,2.13,4778
Bengaluru,4,Apartment,0.58,11.14,2.45,3492
Bengaluru,4,Independent,0.5,13.74,3.02,4307
Bengaluru,2,Apartment,0.76,7.48,0.67,2345
Bengaluru,5,Independent,0.86,8.08,1.7,2533
Bengaluru,3,Apartment,0.6,12.32,1.72,3862
Bengaluru,2,Apartment,0.87,8.1,1.21,2539
Bengaluru,5,Apartment,0.52,14.09,1.13,4417
Bengaluru,6,Apartment,0.87,7.97,0.56,2499
Bengaluru,5,Independent,0.64,12.4,2.48,3887
Bengaluru,5,Apartment,0.54,15.13,2.27,4743
Bengaluru,4,Villa,0.69,9.68,1.36,3035
Bengaluru,4,Apartment,0.6,12.89,2.58,4041
Bengaluru,2,Apartment,0.61,10.46,2.09,3279
Bengaluru,4,Independent,0.62,13.1,1.05,4107
Bengaluru,3,Independent,0.82,8.9,1.51,2790
Bengaluru,3,Apartment,0.72,9,0.72,2822
Bengaluru,5,Apartment,0.62,14.88,2.98,4665
Bengaluru,4,Independent,0.74,10.51,1.89,3295
Bengaluru,2,Apartment,0.79,8.34,2,2615
Bengaluru,3,Villa,0.61,10.32,0.62,3235
Bengaluru,4,Villa,0.67,11.15,0.67,3496
Bengaluru,2,Independent,0.55,9.99,1.1,3132
Bengaluru,5,Apartment,0.57,13.91,1.39,4361
Bengaluru,4,Independent,0.77,12.04,1.2,3775
Bengaluru,4,Apartment,0.57,11.26,2.59,3530
Bengaluru,4,Apartment,0.71,9.29,0.93,2912
Bengaluru,5,Apartment,0.78,12.45,1.25,3903
Bengaluru,3,Apartment,0.54,12.12,2.42,3800
Bengaluru,4,Independent,0.73,10.09,1.41,3163
Bengaluru,4,Independent,0.6,13.99,2.94,4386
Bengaluru,3,Independent,0.89,7.35,0.44,2304
Bengaluru,5,Apartment,0.69,14.42,2.16,4521
Bengaluru,5,Apartment,0.82,10.99,0.66,3445
Bengaluru,4,Apartment,0.72,10.42,0.63,3267
Bengaluru,5,Villa,0.52,17.91,4.12,5615
Bengaluru,5,Apartment,0.75,10.75,0.86,3370
Bengaluru,5,Independent,0.88,10.08,1.61,3160
Bengaluru,5,Apartment,0.74,11.88,1.54,3724
Bengaluru,4,Apartment,0.83,10.66,1.28,3342
Bengaluru,4,Independent,0.85,10.59,2.44,3320
Bengaluru,4,Apartment,0.59,12.84,0.64,4025
Bengaluru,5,Independent,0.58,13,2.34,4076
Bengaluru,3,Villa,0.74,10.32,2.48,3235
Bengaluru,5,Apartment,0.66,11.96,1.91,3749
Bengaluru,5,Apartment,0.84,11.93,2.86,3740
Bengaluru,2,Apartment,0.86,7.66,0.46,2401
Bengaluru,5,Villa,0.64,12.62,1.64,3956
Bengaluru,2,Apartment,0.59,10.96,1.1,3436
Bengaluru,3,Independent,0.81,7.59,1.52,2379
Bengaluru,5,Independent,0.61,12.3,3.08,3856
Bengaluru,3,Independent,0.83,9.8,0.98,3072
Bengaluru,5,Apartment,0.67,11.84,2.13,3712
Bengaluru,5,Independent,0.77,10.01,0.9,3138
Bengaluru,4,Villa,0.54,14.23,2.28,4461
Bengaluru,2,Apartment,0.75,10.1,1.41,3166
Bengaluru,3,Apartment,0.68,11.43,2.74,3583
Bengaluru,4,Villa,0.73,11.92,2.03,3737
Bengaluru,6,Apartment,0.57,14.19,1.7,4449
Bengaluru,4,Independent,0.79,8.54,0.6,2677
Bengaluru,3,Apartment,0.85,9.79,0.78,3069
Bengaluru,4,Apartment,0.59,12.38,1.24,3881
Bengaluru,4,Independent,0.54,13.15,1.32,4123
Bengaluru,5,Apartment,0.51,16.92,3.72,5304
Bengaluru,2,Apartment,0.76,9.3,1.49,2916
Bengaluru,5,Apartment,0.74,12.05,1.81,3778
Bengaluru,4,Apartment,0.72,13.37,0.94,4191
Bengaluru,6,Apartment,0.59,14.03,3.09,4398
Bengaluru,3,Apartment,0.66,11.96,2.27,3749
Bengaluru,4,Villa,0.74,10.75,0.64,3370
Bengaluru,6,Apartment,0.7,13.38,2.54,4195
Bengaluru,2,Independent,0.9,8.37,1.34,2624
Bengaluru,6,Apartment,0.55,16.21,1.13,5082
Bengaluru,4,Independent,0.78,10.68,1.5,3348
Bengaluru,2,Apartment,0.66,11.18,1.68,3505
Bengaluru,3,Villa,0.67,10.29,0.82,3226
Bengaluru,5,Apartment,0.79,9.94,2.39,3116
Bengaluru,2,Apartment,0.78,7.41,1.63,2323
Bengaluru,4,Apartment,0.9,6.75,1.21,2116
Bengaluru,3,Apartment,0.55,15.06,2.11,4721
Bengaluru,4,Apartment,0.54,11.99,1.56,3759
Bengaluru,2,Apartment,0.79,8.14,1.47,2552
Bengaluru,5,Independent,0.73,11.4,1.82,3574
Bengaluru,6,Apartment,0.61,14.93,0.9,4681
Bengaluru,6,Apartment,0.53,16.98,2.55,5323
Bengaluru,5,Independent,0.53,15.93,3.35,4994
Bengaluru,2,Independent,0.86,7.01,0.98,2198
Bengaluru,5,Apartment,0.58,13.76,0.83,4314
Bengaluru,2,Apartment,0.63,10.6,2.23,3323
Bengaluru,2,Apartment,0.59,10.4,0.94,3260
Bengaluru,3,Independent,0.64,13.08,1.31,4101
Bengaluru,4,Independent,0.53,14.32,1.15,4489
Bengaluru,5,Apartment,0.71,12.84,1.54,4025
Bengaluru,4,Independent,0.53,14.55,2.91,4561
Bengaluru,4,Independent,0.82,10.7,1.6,3354
Bengaluru,3,Apartment,0.59,11.99,1.08,3759
Bengaluru,6,Independent,0.72,11.3,2.6,3543
Bengaluru,4,Apartment,0.85,9.51,2.19,2981
Bengaluru,4,Apartment,0.76,9.72,2.14,3047
Bengaluru,3,Apartment,0.71,9.61,0.96,3013
Bengaluru,5,Apartment,0.63,13.95,1.95,4373
Bengaluru,4,Apartment,0.63,13.77,3.44,4317
Bengaluru,3,Villa,0.77,9.45,1.89,2963
Bengaluru,2,Apartment,0.9,7.33,0.44,2298
Bengaluru,4,Apartment,0.76,12.2,0.73,3825
Bengaluru,4,Apartment,0.72,11.23,1.57,3521
Bengaluru,3,Villa,0.79,11.81,2.72,3702
Bengaluru,6,Apartment,0.69,13.89,2.22,4355
Bengaluru,3,Apartment,0.52,10.2,1.53,3198
Bengaluru,4,Apartment,0.72,11.8,0.83,3699
Bengaluru,6,Apartment,0.88,10.47,1.88,3282
Bengaluru,4,Villa,0.57,14.79,3.11,4637
Bengaluru,4,Villa,0.78,10.81,1.41,3389
Bengaluru,3,Apartment,0.58,11.7,2.46,3668
Bengaluru,3,Villa,0.71,8.83,2.12,2768
Bengaluru,6,Independent,0.54,15.4,1.39,4828
Bengaluru,4,Independent,0.68,10.54,1.58,3304
Bengaluru,5,Apartment,0.8,10.06,1.11,3154
Bengaluru,3,Apartment,0.64,11.83,2.48,3709
Bengaluru,3,Apartment,0.77,11.17,1.9,3502
Bengaluru,2,Independent,0.82,8.39,1.51,2630
Bengaluru,4,Apartment,0.87,7.78,1.63,2439
Bengaluru,3,Apartment,0.59,12.33,1.6,3865
Bengaluru,5,Apartment,0.66,14.2,3.27,4452
Bengaluru,4,Independent,0.56,12.4,1.98,3887
Bengaluru,6,Apartment,0.9,9.69,0.78,3038
Bengaluru,3,Independent,0.87,8.15,1.55,2555
Bengaluru,5,Villa,0.72,10.98,2.31,3442
Bengaluru,5,Apartment,0.84,10.64,1.17,3336
Bengaluru,5,Independent,0.71,11.87,2.61,3721
Bengaluru,5,Apartment,0.75,11.85,2.73,3715
Bengaluru,5,Independent,0.54,13.38,1.47,4195
Bengaluru,4,Apartment,0.8,9.41,2.35,2950
Chennai,2,Apartment,0.52,12.92,2.07,4477
Chennai,3,Independent,0.85,10.87,2.61,3766
Chennai,3,Apartment,0.68,10.11,0.61,3503
Chennai,5,Independent,0.7,11.59,1.74,4016
Chennai,4,Villa,0.75,11.85,2.25,4106
Chennai,3,Apartment,0.87,9.05,1.99,3136
Chennai,4,Apartment,0.51,15.65,1.41,5423
Chennai,4,Apartment,0.69,12.9,2.71,4470
Chennai,2,Apartment,0.78,9.12,1.46,3160
Chennai,5,Apartment,0.79,13.59,1.77,4709
Chennai,5,Villa,0.78,10.28,0.82,3562
Chennai,4,Independent,0.55,13.52,2.97,4685
Chennai,6,Independent,0.62,15.75,1.26,5457
Chennai,4,Apartment,0.64,11.14,1.23,3860
Chennai,6,Independent,0.82,12.09,1.33,4189
Chennai,4,Villa,0.61,16.16,3.56,5599
Chennai,4,Independent,0.58,14.33,2.58,4965
Chennai,3,Apartment,0.88,9.08,1.91,3146
Chennai,5,Independent,0.5,14.82,1.48,5135
Chennai,4,Apartment,0.9,8.74,1.49,3028
Chennai,3,Apartment,0.77,9.99,1.6,3462
Chennai,2,Apartment,0.83,8.39,1.85,2907
Chennai,4,Independent,0.62,15.45,3.55,5353
Chennai,4,Independent,0.51,16.25,0.81,5631
Chennai,5,Apartment,0.8,10.53,1.9,3649
Chennai,5,Apartment,0.83,11.52,0.69,3992
Chennai,2,Apartment,0.8,9.66,1.55,3347
Chennai,5,Apartment,0.56,17.48,1.92,6057
Chennai,3,Apartment,0.8,11.74,1.29,4068
Chennai,5,Apartment,0.81,10.49,1.26,3635
Chennai,5,Independent,0.76,11.49,1.95,3981
Chennai,4,Apartment,0.81,9.36,1.12,3243
Chennai,5,Apartment,0.84,10.84,2.17,3756
Chennai,3,Apartment,0.75,11.26,1.46,3902
Chennai,4,Villa,0.54,16.41,0.98,5686
Chennai,5,Independent,0.7,13.34,2.8,4622
Chennai,4,Independent,0.53,14.59,1.6,5055
Chennai,3,Apartment,0.66,12.2,1.71,4227
Chennai,4,Apartment,0.66,11.95,2.27,4141
Chennai,5,Apartment,0.53,19.49,2.34,6753
Chennai,3,Independent,0.64,10.1,0.61,3500
Chennai,3,Villa,0.54,13.99,1.68,4848
Chennai,5,Independent,0.82,13.59,3.26,4709
Chennai,5,Independent,0.88,10.42,1.88,3611
Chennai,2,Independent,0.53,12.34,2.22,4276
Chennai,3,Apartment,0.88,8.5,1.53,2945
Chennai,2,Villa,0.71,10.06,0.91,3486
Chennai,3,Apartment,0.62,14.47,1.88,5014
Chennai,4,Apartment,0.53,11.69,2.34,4051
Chennai,5,Apartment,0.7,15.37,1.08,5326
Chennai,4,Apartment,0.82,9.04,0.99,3132
Chennai,4,Apartment,0.78,10.89,1.2,3773
Chennai,3,Apartment,0.52,13.33,1.87,4619
Chennai,5,Apartment,0.53,17.2,4.3,5960
Chennai,4,Apartment,0.66,10.94,0.66,3791
Chennai,6,Apartment,0.62,16.53,2.48,5728
Chennai,4,Apartment,0.59,17.04,1.53,5904
Chennai,2,Apartment,0.61,9.68,2.32,3354
Chennai,4,Apartment,0.82,10.77,0.75,3732
Chennai,3,Independent,0.87,8.34,1.08,2890
Chennai,4,Independent,0.66,13.62,2.72,4719
Chennai,2,Independent,0.86,8.35,1.59,2893
Chennai,3,Independent,0.63,11.54,1.5,3999
Chennai,5,Apartment,0.69,14.23,1.71,4931
Chennai,3,Independent,0.59,15.58,2.03,5398
Chennai,5,Apartment,0.76,12.21,1.22,4231
Chennai,3,Apartment,0.89,9.4,0.85,3257
Chennai,4,Independent,0.74,10.26,1.54,3555
Chennai,4,Apartment,0.64,12.07,1.21,4182
Chennai,4,Independent,0.76,12.05,1.33,4175
Chennai,3,Independent,0.55,15.79,2.84,5471
Chennai,3,Independent,0.86,9.5,2.28,3292
Chennai,2,Villa,0.7,10.02,1.7,3472
Chennai,3,Apartment,0.68,11.71,0.82,4058
Chennai,4,Apartment,0.73,10.45,0.73,3621
Chennai,6,Apartment,0.75,14.26,3.42,4941
Chennai,5,Apartment,0.53,17.64,1.94,6112
Chennai,5,Independent,0.77,11.74,0.82,4068
Chennai,5,Independent,0.6,14.45,2.46,5007
Chennai,4,Independent,0.79,11.33,1.93,3926
Chennai,3,Apartment,0.83,9.11,1.64,3157
Chennai,6,Apartment,0.82,12.21,1.22,4231
Chennai,4,Apartment,0.72,14.7,0.74,5094
Chennai,4,Apartment,0.71,11.97,2.87,4148
Chennai,2,Independent,0.56,11.71,1.17,4058
Chennai,4,Apartment,0.81,10.02,1.9,3472
Chennai,4,Apartment,0.61,14.87,2.83,5152
Chennai,5,Apartment,0.7,13.21,2.25,4577
Chennai,4,Independent,0.61,12.92,1.42,4477
Chennai,3,Independent,0.55,15.54,1.55,5385
Chennai,6,Apartment,0.75,15.22,2.59,5274
Chennai,2,Apartment,0.52,11.83,2.6,4099
Chennai,4,Apartment,0.8,8.82,2.12,3056
Chennai,2,Apartment,0.63,12.71,0.89,4404
Chennai,5,Independent,0.5,15.72,1.26,5447
Chennai,6,Independent,0.7,15.44,3.71,5350
Chennai,3,Apartment,0.52,10.95,2.19,3794
Chennai,5,Apartment,0.61,16.2,3.73,5613
Chennai,3,Villa,0.78,8.91,0.8,3087
Chennai,6,Apartment,0.53,18.63,3.17,6455
Chennai,5,Independent,0.84,11.1,2.11,3846
Chennai,5,Apartment,0.5,15.3,2.91,5301
Chennai,2,Apartment,0.6,11.14,1.45,3860
Chennai,6,Apartment,0.8,13.4,0.67,4643
Chennai,5,Apartment,0.63,14.76,2.51,5114
Chennai,3,Villa,0.54,14.59,1.46,5055
Chennai,5,Apartment,0.64,17.13,2.4,5936
Chennai,3,Apartment,0.61,10.52,2.52,3645
Chennai,5,Apartment,0.84,12.77,1.66,4425
Chennai,2,Apartment,0.63,11.47,2.52,3974
Chennai,5,Apartment,0.82,10.46,0.94,3624
Chennai,4,Apartment,0.86,8.6,1.55,2980
Chennai,2,Independent,0.67,10.56,2.64,3659
Chennai,3,Apartment,0.86,10.07,0.7,3489
Chennai,2,Apartment,0.65,10.9,0.55,3777
Chennai,4,Villa,0.89,10.93,1.53,3787
Chennai,3,Apartment,0.54,11.51,0.81,3988
Chennai,4,Villa,0.77,11.33,2.27,3926
Chennai,3,Apartment,0.7,9.85,2.27,3413
Chennai,3,Independent,0.66,12.48,1.75,4324
Chennai,5,Independent,0.75,13.65,1.37,4730
Chennai,2,Independent,0.78,8.9,1.25,3084
Chennai,6,Villa,0.5,13.96,2.65,4837
Chennai,5,Apartment,0.57,15.92,0.8,5516
Chennai,4,Villa,0.79,11.52,1.96,3992
Chennai,4,Apartment,0.77,11.81,2.01,4092
Chennai,5,Apartment,0.89,11.44,2.06,3964
Chennai,3,Apartment,0.8,8.82,0.88,3056
Chennai,2,Apartment,0.88,8.74,1.66,3028
Chennai,3,Apartment,0.78,11.63,0.81,4030
Chennai,5,Apartment,0.62,12.32,1.11,4269
Chennai,2,Apartment,0.54,12.98,2.99,4498
Chennai,4,Independent,0.81,10.17,2.03,3524
Chennai,6,Independent,0.76,13.27,0.66,4598
Chennai,5,Apartment,0.52,17,1.7,5890
Chennai,4,Apartment,0.64,12.7,1.14,4401
Chennai,2,Apartment,0.88,7.41,0.74,2568
Chennai,5,Apartment,0.7,13.48,1.35,4671
Chennai,4,Apartment,0.67,11.48,0.69,3978
Chennai,2,Apartment,0.68,9.27,1.3,3212
Chennai,2,Apartment,0.58,12.96,2.59,4491
Chennai,6,Villa,0.65,13.81,2.35,4785
Chennai,4,Apartment,0.65,14.1,2.54,4886
Chennai,5,Apartment,0.52,17.18,1.2,5953
Chennai,5,Apartment,0.81,9.72,2.33,3368
Chennai,4,Apartment,0.67,12.01,2.64,4161
Chennai,4,Apartment,0.83,11.67,2.45,4044
Chennai,4,Independent,0.84,9.24,1.94,3202
Chennai,3,Apartment,0.58,12.46,2.99,4317
Chennai,4,Apartment,0.76,12.04,1.93,4172
Chennai,5,Villa,0.69,14.61,1.31,5062
Chennai,4,Independent,0.85,9.84,1.67,3410
Chennai,5,Independent,0.59,14.43,2.89,5000
Chennai,4,Apartment,0.77,12.98,2.6,4498
Chennai,4,Independent,0.74,13.89,2.08,4813
Chennai,4,Apartment,0.62,15.03,0.9,5208
Chennai,4,Apartment,0.55,14.89,1.79,5159
Chennai,5,Apartment,0.76,11.49,2.64,3981
Chennai,3,Apartment,0.8,9.08,1.54,3146
Chennai,4,Apartment,0.63,14.24,2.28,4934
Chennai,2,Apartment,0.76,10.12,1.01,3507
Chennai,3,Villa,0.66,13.85,1.66,4799
Chennai,4,Villa,0.79,11.76,2.7,4075
Chennai,4,Independent,0.58,12.12,2.18,4200
Chennai,6,Apartment,0.86,12.62,2.65,4373
Chennai,4,Independent,0.61,12.43,1.74,4307
Chennai,5,Apartment,0.65,13.77,2.48,4771
Chennai,4,Independent,0.52,15.62,1.56,5412
Chennai,4,Apartment,0.54,17.94,3.41,6216
Chennai,2,Independent,0.71,14.16,1.98,4906
Chennai,3,Apartment,0.61,13.56,1.9,4699
Chennai,3,Independent,0.83,9.37,1.69,3247
Chennai,4,Villa,0.51,16.22,3.89,5620
Chennai,2,Apartment,0.65,12.26,0.74,4248
Chennai,2,Apartment,0.63,10.89,2.29,3773
Chennai,3,Villa,0.51,16.94,1.86,5870
Chennai,6,Apartment,0.55,17.5,2.45,6064
Chennai,3,Independent,0.67,12.5,0.62,4331
Chennai,4,Apartment,0.7,13.27,1.46,4598
Chennai,3,Apartment,0.66,12.55,1.88,4349
Chennai,4,Apartment,0.71,13.32,0.8,4615
Chennai,3,Apartment,0.74,10.11,1.52,3503
Chennai,3,Independent,0.5,13.4,3.22,4643
Chennai,4,Apartment,0.69,11.18,0.78,3874
Chennai,2,Apartment,0.89,8.36,1.67,2897
Chennai,2,Apartment,0.71,11.25,1.46,3898
Chennai,3,Apartment,0.77,10.95,1.97,3794
Chennai,2,Independent,0.62,13.78,1.38,4775
Chennai,2,Villa,0.81,8.98,0.72,3112
Chennai,3,Apartment,0.81,10.58,0.85,3666
Chennai,5,Independent,0.71,11.91,0.71,4127
Chennai,4,Independent,0.89,9.11,0.82,3157
Chennai,4,Apartment,0.55,15.8,2.84,5475
Chennai,3,Villa,0.51,15.46,3.56,5357
Chennai,6,Apartment,0.81,12.14,2.55,4207
Chennai,3,Apartment,0.82,9.63,1.83,3337
Chennai,2,Independent,0.55,10.1,0.71,3500
Chennai,4,Apartment,0.61,13.33,1.47,4619
Chennai,2,Independent,0.51,14.28,1.57,4948
Chennai,3,Independent,0.62,13.36,1.34,4629
Mumbai,4,Apartment,0.66,13.51,2.43,4904
Mumbai,4,Independent,0.63,14.3,1.43,5191
Mumbai,3,Apartment,0.68,10.74,0.75,3899
Mumbai,3,Apartment,0.8,13.26,3.32,4813
Mumbai,5,Apartment,0.55,19.1,1.53,6933
Mumbai,5,Independent,0.58,17.11,4.28,6211
Mumbai,3,Apartment,0.88,9.35,2.34,3394
Mumbai,6,Independent,0.57,17.27,3.63,6269
Mumbai,6,Independent,0.73,13.36,2.4,4850
Mumbai,3,Apartment,0.73,11.62,1.98,4218
Mumbai,3,Villa,0.7,12.31,2.71,4469
Mumbai,4,Villa,0.76,10.53,1.16,3822
Mumbai,6,Independent,0.59,17.72,2.48,6432
Mumbai,5,Independent,0.72,13.53,2.3,4911
Mumbai,2,Apartment,0.65,8.92,1.16,3238
Mumbai,3,Apartment,0.76,10.02,1.4,3637
Mumbai,4,Apartment,0.56,14.66,1.76,5322
Mumbai,4,Apartment,0.73,14.93,2.39,5420
Mumbai,3,Villa,0.57,14.77,3.25,5362
Mumbai,5,Apartment,0.61,13.7,1.23,4973
Mumbai,4,Independent,0.59,15.54,3.73,5641
Mumbai,5,Independent,0.57,13.99,2.66,5078
Mumbai,5,Independent,0.83,12.99,2.73,4715
Mumbai,5,Villa,0.61,14.97,2.4,5434
Mumbai,4,Apartment,0.87,10.16,2.13,3688
Mumbai,4,Apartment,0.89,11.27,0.56,4091
Mumbai,3,Apartment,0.73,9.88,2.07,3586
Mumbai,4,Apartment,0.56,13.14,0.79,4770
Mumbai,3,Apartment,0.65,11.9,2.74,4320
Mumbai,4,Apartment,0.82,12.24,3.06,4443
Mumbai,3,Independent,0.65,10.59,1.16,3844
Mumbai,2,Apartment,0.53,8.7,0.78,3158
Mumbai,3,Apartment,0.72,11.09,2.22,4026
Mumbai,2,Independent,0.84,9.6,0.96,3485
Mumbai,5,Apartment,0.82,13.31,2.93,4832
Mumbai,5,Apartment,0.57,15.66,1.1,5685
Mumbai,4,Independent,0.77,11.39,0.91,4135
Mumbai,3,Independent,0.59,15.35,3.84,5572
Mumbai,2,Independent,0.59,9.6,1.73,3485
Mumbai,2,Apartment,0.85,8.45,1.86,3067
Mumbai,3,Independent,0.6,13.75,1.51,4991
Mumbai,5,Independent,0.61,16.32,3.1,5924
Mumbai,3,Apartment,0.5,14.12,2.4,5126
Mumbai,3,Independent,0.85,9.76,1.66,3543
Mumbai,2,Independent,0.82,6.48,1.23,2352
Mumbai,3,Apartment,0.75,10.41,1.77,3779
Mumbai,4,Apartment,0.8,11.92,1.67,4327
Mumbai,4,Villa,0.56,13.78,1.52,5002
Mumbai,3,Independent,0.68,12.35,2.47,4483
Mumbai,2,Apartment,0.64,12.36,1.24,4487
Mumbai,3,Independent,0.54,13.82,2.63,5017
Mumbai,3,Apartment,0.69,12.35,1.24,4483
Mumbai,3,Apartment,0.87,8.42,1.52,3056
Mumbai,6,Apartment,0.52,18.21,3.64,6610
Mumbai,4,Villa,0.62,15.21,1.37,5521
Mumbai,4,Villa,0.58,15.22,0.91,5525
Mumbai,4,Apartment,0.6,13.78,1.1,5002
Mumbai,4,Apartment,0.86,10.66,1.81,3870
Mumbai,4,Apartment,0.69,14.14,3.11,5133
Mumbai,4,Villa,0.69,10.45,0.63,3793
Mumbai,5,Villa,0.8,13.66,2.73,4959
Mumbai,3,Independent,0.56,13.54,1.62,4915
Mumbai,4,Independent,0.69,13.76,2.06,4995
Mumbai,4,Independent,0.67,15.15,3.64,5499
Mumbai,5,Apartment,0.74,11.66,1.4,4233
Mumbai,4,Apartment,0.9,9.07,1.27,3292
Mumbai,4,Apartment,0.81,10.9,0.55,3957
Mumbai,2,Independent,0.66,10.37,0.73,3764
Mumbai,4,Independent,0.83,12.83,1.28,4657
Mumbai,2,Apartment,0.57,11.37,0.68,4127
Mumbai,3,Villa,0.51,13.9,2.5,5046
Mumbai,2,Apartment,0.58,12.86,1.8,4668
Mumbai,4,Apartment,0.64,12.29,1.97,4461
Mumbai,3,Independent,0.7,11.45,0.92,4156
Mumbai,3,Independent,0.75,11.61,1.28,4214
Mumbai,5,Independent,0.86,10.91,1.96,3960
Mumbai,3,Apartment,0.7,11.84,2.84,4298
Mumbai,4,Apartment,0.7,12.33,0.74,4476
Mumbai,4,Independent,0.52,13.51,3.11,4904
Mumbai,2,Apartment,0.51,14.03,2.39,5093
Mumbai,5,Apartment,0.72,15.99,2.56,5804
Mumbai,2,Independent,0.68,11.21,1.68,4069
Mumbai,4,Apartment,0.84,10.99,0.66,3989
Mumbai,4,Independent,0.56,16.38,1.15,5946
Mumbai,4,Independent,0.51,14.04,2.39,5097
Mumbai,4,Apartment,0.68,15.65,1.88,5681
Mumbai,3,Apartment,0.59,13.92,3.2,5053
Mumbai,2,Independent,0.52,16.01,2.08,5812
Mumbai,5,Independent,0.79,11.64,0.93,4225
Mumbai,4,Independent,0.54,18.51,3.52,6719
Mumbai,5,Independent,0.74,14.35,1.58,5209
Mumbai,5,Independent,0.61,16.48,2.64,5982
Mumbai,5,Villa,0.57,16.73,3.18,6073
Mumbai,4,Apartment,0.65,13.49,3.1,4897
Mumbai,3,Apartment,0.82,11.52,2.42,4182
Mumbai,5,Apartment,0.66,14.98,2.85,5438
Mumbai,4,Apartment,0.8,9.12,1.73,3311
Mumbai,3,Apartment,0.55,12.46,2.99,4523
Mumbai,5,Apartment,0.81,11.93,1.31,4331
Mumbai,5,Villa,0.59,16.48,0.82,5982
Mumbai,4,Apartment,0.77,11.82,1.18,4291
Mumbai,2,Apartment,0.73,12.05,1.08,4374
Mumbai,3,Apartment,0.87,7.4,1.33,2686
Mumbai,5,Apartment,0.65,15.16,2.73,5503
Mumbai,6,Apartment,0.53,15.44,2.62,5605
Mumbai,3,Apartment,0.51,16.05,0.8,5826
Mumbai,2,Apartment,0.83,9.03,1.81,3278
Mumbai,5,Independent,0.71,14.45,1.59,5245
Mumbai,3,Independent,0.81,9.34,1.68,3390
Mumbai,4,Independent,0.59,16.74,2.68,6077
Mumbai,6,Independent,0.64,17.75,2.13,6443
Mumbai,2,Apartment,0.51,14.46,1.16,5249
Mumbai,4,Independent,0.88,9.96,0.7,3615
Mumbai,2,Independent,0.77,10.66,2.35,3870
Mumbai,3,Apartment,0.87,8.69,2,3154
Mumbai,5,Independent,0.61,16.92,3.05,6142
Mumbai,4,Apartment,0.74,14.44,1.01,5242
Mumbai,6,Independent,0.77,15.1,1.96,5481
Mumbai,4,Villa,0.63,13.12,2.62,4763
Mumbai,3,Apartment,0.84,10.27,2.16,3728
Mumbai,3,Independent,0.88,7.95,0.56,2886
Mumbai,3,Independent,0.85,10.34,0.52,3753
Mumbai,3,Villa,0.8,10.99,2.09,3989
Mumbai,2,Apartment,0.61,9.39,1.13,3409
Mumbai,3,Independent,0.61,11.61,1.16,4214
Mumbai,4,Apartment,0.89,9.65,0.48,3503
Mumbai,5,Apartment,0.5,17.1,2.74,6207
Mumbai,4,Apartment,0.79,10.14,2.23,3681
Mumbai,5,Villa,0.78,13.13,3.15,4766
Mumbai,2,Independent,0.75,10.54,1.69,3826
Mumbai,3,Independent,0.9,8.78,1.32,3187
Mumbai,4,Villa,0.62,13.23,0.93,4802
Mumbai,4,Apartment,0.64,15.49,2.48,5623
Mumbai,2,Apartment,0.53,15.88,2.06,5764
Mumbai,5,Apartment,0.68,13.78,2.34,5002
Mumbai,5,Apartment,0.6,14.93,1.94,5420
Mumbai,4,Apartment,0.64,14.7,1.47,5336
Mumbai,2,Apartment,0.83,8.74,0.61,3173
Mumbai,5,Apartment,0.87,10.94,1.2,3971
Mumbai,4,Apartment,0.57,16.28,1.14,5910
Mumbai,5,Apartment,0.65,12.28,1.11,4458
Mumbai,5,Apartment,0.87,12.46,3.12,4523
Mumbai,5,Villa,0.52,17.37,2.43,6305
Mumbai,4,Independent,0.54,14.98,2.4,5438
Mumbai,2,Villa,0.57,12.55,2.76,4556
Mumbai,4,Apartment,0.74,12.33,3.08,4476
Mumbai,4,Apartment,0.56,12.62,2.15,4581
Mumbai,5,Independent,0.89,12.24,2.57,4443
Mumbai,3,Apartment,0.68,12.32,1.48,4472
Mumbai,3,Apartment,0.7,12.55,1.38,4556
Mumbai,5,Apartment,0.6,17.25,2.24,6262
Mumbai,5,Apartment,0.69,12.89,2.32,4679
Mumbai,6,Apartment,0.76,14.58,2.77,5293
Mumbai,5,Apartment,0.8,12.01,1.32,4360
Mumbai,4,Independent,0.8,12.37,0.99,4490
Mumbai,4,Apartment,0.73,9.83,1.77,3568
Mumbai,5,Apartment,0.86,11.16,0.89,4051
Mumbai,4,Independent,0.83,10.24,1.74,3717
Mumbai,4,Apartment,0.8,11.9,2.26,4320
Mumbai,3,Apartment,0.52,15.42,2.93,5597
Mumbai,4,Independent,0.5,15.11,3.02,5485
Mumbai,5,Apartment,0.58,15.11,3.32,5485
Mumbai,3,Apartment,0.77,10.79,1.62,3917
Mumbai,3,Apartment,0.66,11.32,2.26,4109
Mumbai,3,Apartment,0.66,13.73,2.33,4984
Mumbai,3,Apartment,0.85,9.33,0.84,3387
Mumbai,3,Independent,0.86,6.5,0.39,2360
Mumbai,4,Apartment,0.86,10.02,1.1,3637
Mumbai,6,Apartment,0.63,14.97,2.1,5434
Mumbai,4,Apartment,0.78,9.78,1.66,3550
Mumbai,3,Apartment,0.61,11.5,2.53,4174
Mumbai,2,Independent,0.58,12.71,1.14,4614
Mumbai,4,Apartment,0.57,17.18,1.37,6236
Mumbai,3,Apartment,0.64,13.31,3.19,4832
Mumbai,5,Apartment,0.67,13.78,0.96,5002
Mumbai,4,Apartment,0.83,11.41,1.71,4142
Mumbai,5,Apartment,0.55,16,2.72,5808
Mumbai,3,Independent,0.79,9.81,1.57,3561
Mumbai,4,Apartment,0.71,11.36,0.8,4124
Mumbai,3,Apartment,0.62,10.62,0.64,3855
Mumbai,6,Apartment,0.7,14.62,1.02,5307
Mumbai,4,Independent,0.62,14.56,2.48,5285
Mumbai,3,Apartment,0.74,11.25,1.8,4084
Mumbai,3,Independent,0.67,11.85,1.18,4302
Mumbai,3,Independent,0.57,12.46,2.24,4523
Mumbai,4,Independent,0.55,16.42,3.45,5960
Mumbai,3,Apartment,0.72,9.97,0.6,3619
Mumbai,4,Apartment,0.86,11.24,1.69,4080
Mumbai,3,Independent,0.64,11.44,2.17,4153
Mumbai,4,Villa,0.79,10.68,1.07,3877
Mumbai,5,Independent,0.76,11.23,1.24,4076
Mumbai,5,Apartment,0.87,10.57,1.8,3837
Mumbai,5,Apartment,0.83,12.87,2.96,4672
Mumbai,3,Apartment,0.73,12.17,2.56,4418
Mumbai,2,Independent,0.76,11.29,1.92,4098
Mumbai,4,Apartment,0.86,10.97,2.19,3982
Mumbai,3,Apartment,0.66,11.04,1.32,4008
Mumbai,4,Independent,0.63,13.69,2.46,4969
Mumbai,2,Apartment,0.5,12.35,1.73,4483
Mumbai,3,Independent,0.83,11.49,1.03,4171
